Date,ret1,gap,ma7,ma14,atr,volchg,ret5,ret10,ma_spread_7_14,p_up,pred,target
2010-10-29,-0.016191709844559532,0.003238341968911917,162.85714285714286,164.7392857142857,7.285714285714282,-0.4503583365640924,-0.11273364485981296,-0.061766522544780766,-0.011424978862705028,0.05920976041707539,0,1
2010-11-01,0.021724818959841796,0.01547070441079654,160.17142857142858,163.22857142857143,6.642857142857139,-0.30861806619074683,-0.05538648813146696,-0.023592324630386963,-0.01872921407316642,0.07083400874744158,0,0
2010-11-02,-0.01320876288659778,0.004510309278350626,157.59285714285713,161.8857142857143,6.4571428571428555,0.046544522288770596,-0.0653036313701556,-0.07490184234370278,-0.02651782562654448,0.04342314837951523,0,1
2010-11-03,0.044074436826640584,0.012079660463597743,156.96428571428572,161.3857142857143,5.942857142857142,0.8050884809560044,-0.002806361085126219,-0.029438543247344406,-0.027396653978932498,0.12618376210951257,0,1
2010-11-04,0.008130081300812941,0.006879299562226356,156.58571428571426,161.33571428571426,5.8285714285714265,-0.6846718975668427,0.04404145077720201,-0.07356321839080471,-0.029441714260415287,0.22532470155543105,0,1
2010-11-05,0.00682382133995052,0.011166253101737043,156.86428571428573,161.57500000000002,5.278571428571427,-0.7760051511227389,0.06846609611586563,-0.05198598130841103,-0.02915497004929159,0.2554841343717974,0,0
2010-11-08,-0.005545286506469571,0.0012322858903264856,157.8642857142857,161.27857142857144,4.214285714285714,2.2757456266897487,0.0399484536082475,-0.017650639074863084,-0.021170113822578655,0.09457389052620063,0,1
2010-11-09,0.005266418835192077,0.006815365551424995,159.34285714285716,161.1,3.92142857142857,-0.018185169357443187,0.059418870388507905,-0.009765028989929814,-0.010907156158552691,0.11909732047219569,0,0
2010-11-10,-0.014483821263482244,0.0015408320493066256,160.0142857142857,160.09285714285716,3.67142857142857,-0.29721081914432335,0.0,-0.002806361085126219,-0.0004907865970643407,0.10215775389677549,0,0
2010-11-11,-0.02814258911819889,0.007191994996873081,160.33571428571426,158.96428571428572,4.071428571428571,3.6230757956844872,-0.03598014888337464,0.006476683937823857,0.008627274769714461,0.07962978064975043,0,0
2010-11-12,-0.022844272844272928,0.008365508365508256,159.18571428571428,158.07500000000002,4.264285714285713,-0.4250059697020364,-0.06438693776956261,-0.0003291639236340238,0.007026501886536556,0.14036268001904736,0,0
2010-11-15,-0.0019756338491931924,0.004939084622983207,157.80714285714288,157.19642857142858,4.364285714285712,-0.46070015588859614,-0.06102850061957865,-0.023518041237113207,0.00388503919118488,0.24968102822975835,0,0
2010-11-16,-0.02045529528208523,0.009237875288683452,155.82857142857142,156.34642857142856,5.357142857142853,1.4302502745467915,-0.08505392912172582,-0.030688867123734975,-0.0033122415880484928,0.08648540952107577,0,0
2010-11-18,-0.004715392388009332,0.01044122600202096,153.87857142857143,155.8714285714286,5.814285714285709,0.23706724294103476,-0.075984990619137,-0.075984990619137,-0.012785262579048785,0.030139044334883115,0,0
2010-11-19,-0.016582064297800292,0.005414551607445086,151.45714285714286,155.4,6.2928571428571365,-0.4284301567599972,-0.0649935649935649,-0.09863523573200983,-0.025372311086596846,0.06431373567869136,0,1
2010-11-22,0.005161734342739255,0.0006882312456985155,149.47857142857143,154.74642857142857,6.771428571428568,-0.1741724682253708,-0.038195587751070015,-0.10012322858903266,-0.034041865725034016,0.15952361351213967,0,0
2010-11-23,-0.004792879150975815,-0.007189318726463617,148.04285714285714,154.18928571428572,6.38571428571428,0.1360866094429578,-0.040910590564170346,-0.09944237918215615,-0.03986287726125125,0.20011839386211294,0,0
2010-11-24,-0.003095975232198067,0.016167870657034705,147.05,153.11785714285716,6.078571428571422,-0.5113453306945275,-0.023913775682047667,-0.10693374422187973,-0.039628670725165065,0.3396276233400338,0,0
2010-11-25,-0.040372670807453326,-0.013112491373360978,145.2642857142857,151.53571428571428,6.685714285714283,0.829895450692286,-0.0588832487309644,-0.1303939962476548,-0.0413858119255244,0.09807061068457208,0,1
2010-11-26,0.016181229773462702,0.00647249190938495,144.24285714285716,150.03571428571428,10.435714285714283,4.805163223754947,-0.027529249827942137,-0.09073359073359066,-0.038609854796476856,0.07653250421429374,0,1
2010-11-29,0.01556970983722561,-0.0021231422505308658,143.6357142857143,148.75714285714284,11.235714285714282,-0.7796232361855304,-0.017459774049983,-0.05498847546921304,-0.0344281186977814,0.62576116931897,1,1
2010-11-30,0.06202090592334497,0.0,144.65,148.05357142857142,12.34285714285714,0.9797596876422154,0.04850361197110442,0.0056087099967008225,-0.02298878301772995,0.08302095339753394,0,1
2010-12-01,0.00820209973753272,-0.014107611548556467,145.7357142857143,147.60714285714286,12.057142857142853,-0.711337389422495,0.06038647342995174,0.03502862916807015,-0.012678441809823339,0.3158223063441082,0,0
2010-12-02,-0.021477383664171845,0.008786202408070253,146.45000000000002,147.24642857142857,12.399999999999997,-0.18568918663101686,0.08126573175116847,0.0175972927241963,-0.005408814184190591,0.16247017549530338,0,0
2010-12-03,-0.021948786165613465,-0.002327901563019583,146.75714285714284,146.90357142857144,12.599999999999998,0.016363363894161598,0.040693559801840085,0.012044046799724706,-0.000996766586439311,0.07751885944210626,0,0
2010-12-06,-0.00034002040122416144,0.012580754845290677,147.89285714285714,146.57857142857142,12.042857142857141,-0.4917288741779441,0.024390243902439046,0.006504621704895408,0.008966424638175544,0.37558874998603786,0,0
2010-12-07,-0.008843537414966018,0.007482993197278873,148.52142857142857,146.38214285714284,7.599999999999999,-0.26071109788753344,-0.04396325459317596,0.002407980736154114,0.014614389928514054,0.15619622766168814,0,0
2010-12-08,-0.028826355525051417,-0.004804392587508501,148.2357142857143,145.93571428571428,6.721428571428569,0.9473890733474193,-0.0790758216726326,-0.023464458247067,0.015760364152513414,0.12051518373264011,0,0
2010-12-09,-0.026501766784452263,0.004240282685512327,146.14285714285714,145.39642857142857,5.692857142857138,1.0187469969155418,-0.08380445626870636,-0.00934915498022304,0.005133747635774082,0.06918540421253201,0,1
2010-12-10,0.06424682395644288,-0.0007259528130671094,145.1357142857143,145.43571428571428,7.392857142857134,1.3386541362908706,-0.003060183611016787,0.037508846426043796,-0.00206276705466321,0.07242454804681471,0,1
2010-12-13,0.011255115961800843,0.008867667121418905,144.83571428571426,145.64285714285714,7.114285714285704,-0.8016428399068269,0.008503401360544283,0.03310104529616731,-0.005541932319764736,0.38525809264393635,0,1
2010-12-14,0.021585160202360898,0.01854974704890388,145.46428571428572,146.1107142857143,6.871428571428562,0.8236081112021427,0.03946465339739191,-0.006233595800525071,-0.0044242379800053825,0.0928567295098251,0,0
2010-12-15,-0.020798943545724535,0.0,145.65,146.77142857142857,7.035714285714278,-0.41710055394371015,0.048056537102473484,-0.03481939472827855,-0.007640646291609856,0.055832833601552126,0,0
2010-12-16,-0.001685772083614312,0.010788941335131452,145.9857142857143,147.25357142857143,7.071428571428563,-0.2623565559944153,0.0747731397459166,-0.0152976388427003,-0.008610026436419171,0.09135658480044055,0,0
2010-12-20,-0.025329280648429542,-0.04761904761904769,146.3857142857143,147.31071428571428,7.707142857142851,2.8610459286882794,-0.0156889495225101,-0.018701122067323994,-0.006279244551118754,0.11603666361747593,0,1
2010-12-21,0.03742203742203731,0.018364518364518207,148.09285714285716,147.11785714285716,7.607142857142853,-0.41861058440085175,0.009780775716694778,0.01836734693877551,0.0066273395965333525,0.1618684924525883,0,1
2010-12-22,0.0016700066800268143,0.005344021376085581,148.57142857142858,146.85357142857143,5.79285714285714,1.3269478814854287,-0.009904258831297419,0.029169526424159153,0.011697755295605527,0.06017000524316444,0,0
2010-12-23,-0.031010336778926173,0.0003334444814939071,148.15000000000003,146.49285714285716,6.178571428571429,-0.6901230111049447,-0.02022926500337152,0.02685512367491172,0.011312106879906487,0.26706411797152196,0,0
2010-12-24,-0.010667584308327704,-0.004473503097040645,147.04999999999998,146.25714285714284,5.728571428571428,0.18830528072890407,-0.029044241810199378,0.04355716878402904,0.005420980660285224,0.09755836840133433,0,0
2010-12-27,-0.0006956521739129862,0.008695652173913044,146.3857142857143,146.01785714285714,5.571428571428571,-0.12437148475010285,-0.0045045045045045695,-0.020122783083219575,0.0025192613427908826,0.13871408995486284,0,0
2010-12-28,-0.019491820396797865,0.030281935259310784,145.35714285714286,145.67142857142858,6.121428571428571,0.9671859594592336,-0.059118236472945895,-0.04991568296795956,-0.002157497303128388,0.06424763238554992,0,1
2010-12-29,0.0035498757543486192,0.008164714235001815,144.93571428571428,145.66071428571428,4.978571428571428,-0.3078140944436245,-0.05735245081693896,-0.06668867613073615,-0.00497732009317147,0.11678102948828316,0,1
2010-12-30,0.002476123098691163,0.004598514326140826,143.79285714285714,145.94285714285715,4.399999999999998,0.02079421474417975,-0.024776324845148134,-0.04450438300741755,-0.014731793265465974,0.04015882654221031,0,1
2010-12-31,0.016584333098094817,0.00529287226534933,142.95,145.7607142857143,4.321428571428568,0.02298852302083354,0.0020869565217391806,-0.02701789935832488,-0.019283071570333158,0.21015669727376243,0,1
2011-01-03,0.006942034015966714,0.010413051023950017,142.9142857142857,145.53214285714287,3.642857142857139,-0.28426832922981093,0.009745910198398988,0.005197505197505281,-0.017988171488871017,0.1589673509270515,0,1
2011-01-04,0.02412961047914508,0.013098931402964337,143.6,145.325,4.1714285714285655,0.6682272531351985,0.054668086616968425,-0.007682030728122791,-0.011869946671254048,0.0638720883099249,0,1
2011-01-05,0.06092224840121152,0.01043419723998642,145.59285714285716,145.98928571428573,4.985714285714279,3.0039912546737915,0.11496285815351959,0.05101700566855616,-0.0027154634635614214,0.11140306534959415,0,0
2011-01-06,-0.016814720812182826,0.004441624365482342,147.60714285714286,146.48214285714286,4.757142857142851,-0.4240715202289119,0.09350741002117147,0.06641431520991037,0.007680117030354748,0.0452600153807622,0,0
2011-01-07,-0.04969344949983856,0.00032268473701201273,148.45000000000002,146.69285714285712,5.735714285714282,-0.5827861881453833,0.022214508851093218,0.024347826086956514,0.011978380484004741,0.45457121988877053,0,0
2011-01-10,-0.04651952461799658,0.000339558573854067,148.26428571428573,146.02857142857144,6.628571428571429,-0.20073199458293312,-0.03205791106514999,-0.022624434389140302,0.015310115437292176,0.22484343224049533,0,0
2011-01-11,-0.009615384615384581,0.00462962962962967,147.54999999999998,145.25,7.114285714285716,0.7938899786562048,-0.06395153147088517,-0.012779552715654785,0.01583476764199644,0.0444891384212523,0,1
2011-01-12,0.00503416037396609,0.009708737864077627,146.79285714285714,144.85357142857143,7.257142857142859,-0.06750494116975503,-0.11326142131979688,-0.011319419879731174,0.013387904041026669,0.09339721563473578,0,1
2011-01-13,0.011806797853309625,0.006082289803219995,145.77142857142857,144.68571428571428,6.9928571428571455,-0.2371770224178532,-0.08744756373023543,-0.0021171489061395654,0.007503949447077432,0.16560408270955132,0,0
2011-01-14,-0.015558698727015652,-0.002828854314002869,143.14285714285714,144.36785714285716,6.278571428571431,-0.24961381053645226,-0.054668930390492476,-0.033668864977438595,-0.00848526828785608,0.03905764302959217,0,0
2011-01-17,-0.015086206896551713,0.012931034482758704,140.59285714285713,144.1,6.228571428571432,-0.3349647428399559,-0.023504273504273532,-0.054808686659772565,-0.02433825716268471,0.05757148415048464,0,1
2011-01-18,0.020058351568198463,0.0029175784099198083,139.53571428571428,143.99285714285716,5.350000000000002,-0.06879700098241948,0.005753326141675563,-0.05856613934702126,-0.030953916364899234,0.07645651605716847,0,0
2011-01-19,-0.00035752592062909816,0.0014301036825171045,139.45000000000002,143.85714285714286,4.5428571428571445,0.02405994344550688,0.0003577817531306149,-0.11294416243654815,-0.030635551142005866,0.10898502944885052,0,0
2011-01-20,-0.0028612303290415086,-0.005722460658083056,139.5,143.525,4.200000000000001,-0.2980373248176048,-0.014144271570014189,-0.10035495321071308,-0.02804389479184815,0.05611892458276864,0,1
2011-01-21,0.00430416068866557,-0.003945480631276982,139.53571428571428,143.1642857142857,4.057142857142858,0.018654895690231044,0.005747126436781658,-0.04923599320882854,-0.02534550715960688,0.12347402519136097,0,1
2011-01-24,0.016071428571428514,0.002857142857142898,139.65714285714287,142.71428571428572,4.150000000000001,1.4234048668327266,0.03756382202771702,0.013176638176638056,-0.02142142142142137,0.13566484178524482,0,0
2011-01-25,-0.014762741652021072,0.01195079086115985,139.79285714285714,141.46785714285713,4.185714285714288,-0.42395196470031915,0.002145155523775477,0.007910823444803983,-0.011840145414152516,0.09006871667185606,0,0
2011-01-27,-0.014270424545130167,0.00927577595433452,139.94285714285715,140.26785714285714,3.8785714285714294,2.6000205882430576,-0.01180257510729621,-0.0114490161001789,-0.002316995544239257,0.0663745094731501,0,1
2011-01-28,0.009771986970684043,-0.0025334781035106354,139.89285714285714,139.71428571428572,4.34285714285714,-0.4322509170440789,0.0007173601147776321,-0.013437057991513512,0.0012781186094068656,0.05790873520677011,0,1
2011-01-31,0.007526881720430145,-0.010752688172043012,140.00000000000003,139.725,4.63571428571428,-0.10807271656578621,0.003928571428571503,0.009698275862069172,0.001968151726606077,0.18505717580391035,0,0
2011-02-01,-0.007826396300249172,-0.003557452863749555,140.00714285714284,139.75357142857143,4.678571428571421,2.0480769926867373,-0.019683655536028244,0.017140773158278666,0.0018144182361808643,0.08391548668885895,0,0
2011-02-02,-0.021154535675869446,0.011115095016134897,139.50714285714284,139.52142857142857,4.935714285714279,0.4185656998832412,-0.026043524794862716,-0.023954236682159458,-0.00010239082578214961,0.05755494293475976,0,1
2011-02-03,0.013553113553113505,0.0,138.95,139.30357142857142,4.7928571428571365,-0.713314487623043,0.001447701773434673,-0.01037195994277551,-0.0025381361363927646,0.4104180883986087,0,0
2011-02-04,-0.024575352367184666,0.001084206722081718,138.20714285714286,139.0,4.835714285714281,-0.32123997687307637,-0.032616487455197185,-0.03192252510760418,-0.005704008221993845,0.07188044261491655,0,0
2011-02-07,-0.0011115227862169563,0.013708781030011285,137.72857142857143,138.8357142857143,4.692857142857138,-0.252644476069363,-0.040910707933119905,-0.03714285714285703,-0.007974481658692214,0.05734558892934537,0,0
2011-02-08,-0.022997032640949766,0.016320474777447986,136.6142857142857,138.25357142857143,4.778571428571427,1.389257680732948,-0.055575475080674064,-0.07416520210896316,-0.011857094882591653,0.0339831000773348,0,0
2011-02-09,-0.020501138952163878,-0.005315110098709101,134.96428571428572,137.48214285714286,4.721428571428571,0.03526887979361204,-0.05494505494505497,-0.07955761683910101,-0.018314066761917103,0.05798934530077097,0,1
2011-02-10,0.005426356589147252,-0.001937984496124031,133.57142857142858,136.78928571428574,5.535714285714287,-0.08403226797386842,-0.06252258764004337,-0.06116539992761505,-0.023524189968930406,0.18802717229068508,0,1
2011-02-11,0.06823438704703189,0.010023130300693997,133.8642857142857,136.68571428571428,6.471428571428575,0.19429420456878277,0.02667654686921095,-0.006810035842293782,-0.020641722408026846,0.06536560491572158,0,1
2011-02-14,0.029953085528689805,0.024900757849151845,134.4857142857143,136.71785714285716,6.978571428571434,-0.25531670473227563,0.058605341246290577,0.015297047314122958,-0.016326637235181973,0.1071099600935937,0,0
2011-02-15,-0.00735809390329345,-0.0007007708479326862,135.44285714285715,136.825,7.214285714285716,0.16266704756463368,0.0755504935459379,0.01577626389386899,-0.010101537417451772,0.09959977819868847,0,1
2011-02-16,0.012001411930815387,0.007765619484645212,136.6642857142857,137.19642857142858,7.607142857142859,0.30127304838723945,0.11124031007751944,0.05018315018315023,-0.0038786932187948537,0.15807715202492803,0,1
2011-02-17,0.03104290198814108,0.002441576560864976,138.96428571428572,137.7892857142857,7.635714285714286,-0.06614940280268089,0.13955281418658472,0.06830502349114576,0.008527513542935725,0.06924143718919192,0,0
2011-02-18,-0.023680649526387043,0.0013531799729363234,141.15,138.05714285714285,8.064285714285717,-0.556378620792844,0.041501263081919815,0.0692849203408672,0.022402731788079566,0.18340623027156946,0,0
2011-02-21,-0.0045045045045045695,0.007623007623007583,143.14285714285714,138.35714285714286,7.471428571428577,-0.1621978855406201,0.006657323055361042,0.06565281899109787,0.03458957150232312,0.11922076902386212,0,0
2011-02-22,-0.024016707274625904,-0.014966933518969758,143.37857142857143,138.62142857142857,6.4571428571428635,-0.004210714145823413,-0.010236498411577921,0.06454062262718296,0.03431751429896436,0.0626787547055151,0,1
2011-02-23,0.02639087018544939,-0.0010699001426531902,143.55,139.01785714285714,6.592857142857148,2.7861024853203733,0.003836763167073709,0.11550387596899236,0.03260115606936427,0.13072332580400348,0,1
2011-02-24,0.01667824878387769,0.0006949270326615311,144.21428571428572,139.82857142857142,6.892857142857151,-0.07729314125388809,-0.010148849797023018,0.12798766383963,0.03136493665713129,0.11521963895372143,0,1
2011-02-25,0.01298701298701288,-0.008202323991797792,144.90714285714287,140.78571428571428,7.057142857142866,-0.5349902072583264,0.027027027027026973,0.06964994586791762,0.029274479959411636,0.16609209606086936,0,0
2011-02-28,-0.06882591093117407,-0.001012145748987701,143.50714285714284,141.2357142857143,8.300000000000011,2.7559592671312116,-0.039331709014966965,-0.03293622985283806,0.016082536792595768,0.1411737299544843,0,1
2011-03-01,0.0068840579710143235,0.00869565217391296,142.74285714285716,141.94642857142858,8.314285714285726,0.3691720046344962,-0.00891583452211131,-0.019061066007765692,0.005610768650144718,0.0843167879769489,0,0
2011-03-03,-0.02410939186757821,0.005757466714645638,141.59285714285713,142.36785714285716,8.107142857142865,-0.53977402329976,-0.057678943710910424,-0.054063480990582446,-0.0054436444823522945,0.2967377057645358,0,0
2011-03-04,-0.020648967551622266,-0.18879056047197637,140.53571428571428,141.95714285714286,11.421428571428578,-0.2142669171329754,-0.09227614490772384,-0.10148849797023007,-0.010013082419241266,0.13770950406933744,0,0
2011-03-07,-0.009789156626506146,-0.021084337349397676,138.7642857142857,141.15714285714284,10.600000000000007,-0.43543471640406917,-0.112685560053981,-0.08870408870408875,-0.01695172553385282,0.08981478288358458,0,1
2011-03-08,0.009125475285171047,0.0,136.82142857142856,140.51785714285714,9.707142857142859,-0.590260346795924,-0.03840579710144931,-0.0762269404803343,-0.026305756767060706,0.3739938941970464,0,0
2011-03-09,-0.012434061793519025,0.003014318010550156,134.37142857142857,139.6392857142857,9.457142857142859,2.7015213346467157,-0.056854983807124726,-0.06526390870185439,-0.03772474999360595,0.0426710410035653,0,1
2011-03-10,0.020984357115604757,0.003052270125905969,133.77142857142857,138.6392857142857,7.850000000000002,-0.10107705473810313,-0.01327433628318575,-0.07018763029881858,-0.035111672119322944,0.1367366004716879,0,0
2011-03-11,-0.01644245142002998,-0.007473841554559043,132.7214285714286,137.73214285714286,7.15714285714286,-0.4542929024751726,-0.009036144578313365,-0.10047846889952161,-0.036380137430312355,0.16946296585132214,0,1
2011-03-14,0.012537993920972657,0.0015197568389059047,132.3857142857143,136.9892857142857,6.964285714285718,-0.06605437279775705,0.013307984790874583,-0.10087719298245612,-0.03360533931225049,0.05756294162119278,0,0
2011-03-15,-0.01838649155722316,-0.054409005628517824,132.1,136.31785714285715,4.085714285714289,0.04846552573008078,-0.014318010550112836,-0.05217391304347818,-0.030941339830752798,0.12871287143672772,0,1
2011-03-16,0.004204892966360729,-0.006116207951070423,132.07857142857142,135.42142857142858,4.128571428571433,0.09953815253980935,0.0022892025944294403,-0.054695933789132734,-0.024684846247165028,0.22420851742988926,0,1
2011-03-17,0.017510468214693597,-0.011419870574800152,132.21428571428572,134.51785714285714,4.464285714285722,0.14365576744052122,-0.0011210762331839152,-0.014380530973451267,-0.017124651533253595,0.21170571288398907,0,1
2011-03-18,0.0022446689113353457,0.0026187803965581316,132.62857142857143,133.5,4.27142857142858,0.17552619396273816,0.017857142857142794,0.008659638554216587,-0.006527554842161548,0.13090464794853057,0,0
2011-03-21,-0.017917133258678497,0.004479283314669823,132.30714285714288,133.0392857142857,4.157142857142865,-0.6176934251683238,-0.01275797373358345,0.00038022813688232127,-0.005503207967571157,0.2916110825491996,0,0
2011-03-22,-0.0019004180919802716,0.003800836183960471,132.2642857142857,132.49285714285716,4.107142857142861,0.28718497725051817,0.003822629969419067,-0.010550113036925213,-0.0017251603860048445,0.12660012921053038,0,0
2011-03-23,0.0,0.005712109672505712,131.9857142857143,132.18571428571428,3.9642857142857184,-0.023075100457923714,-0.0003806623524932329,0.0019076688286914223,-0.0015130228034150226,0.10560791919149919,0,1
2011-03-24,0.010281797410510274,0.005331302361005244,132.25000000000003,132.175,3.1857142857142873,0.29499185768520664,-0.007482229704451893,-0.008594917787742906,0.0005674295441650618,0.13961884031428212,0,1
2011-03-25,0.03995476818695809,0.010177157934413828,133.19285714285715,132.6357142857143,3.471428571428573,1.6153859384585396,0.029861888764464384,0.048252279635258244,0.004200549302601054,0.06824158155774816,0,0
2011-03-28,0.0,0.002537151141718179,133.80714285714288,133.0107142857143,3.178571428571433,-0.5614733883855467,0.048650703154693886,0.03527204502814252,0.005987702387025798,0.2396133587923815,0,0
2011-03-29,-0.0105110547299746,0.0,134.17142857142858,133.4,3.3142857142857167,0.4016233095385682,0.03960396039603942,0.04357798165137616,0.005782822874277153,0.050294188626981,0,0
2011-03-30,-0.000366300366300476,0.010256410256410298,134.87142857142857,133.58928571428572,3.2142857142857184,-0.3564034861423345,0.03922315308453905,0.03882755995432041,0.009597647373345711,0.06643585991717092,0,1
2011-03-31,0.0014657383657017409,0.0007328691828510279,135.6357142857143,133.95,3.285714285714294,0.40985505211806417,0.030154542027893028,0.022446689113355678,0.012584653122167316,0.060542939291925085,0,1
2011-04-01,0.03293084522502743,0.00987925356750819,137.04285714285714,134.5142857142857,3.6214285714285785,1.2489200771963014,0.02319681043856492,0.053751399776035935,0.018797790994052755,0.05642300442498387,0,1
2011-04-04,0.049946865037194366,0.008501594048884085,139.2642857142857,135.75714285714287,4.392857142857151,-0.3442690473444001,0.07430228343602763,0.12656784492588358,0.02583394717457631,0.08115951932718986,0,1
2011-04-05,0.05836707152496623,0.0020242914979757853,141.96428571428572,137.57857142857142,5.128571428571433,0.5211784784901288,0.149084249084249,0.19459253617669448,0.03187788796012679,0.06873875505757772,0,0
2011-04-06,-0.020401657634682713,0.0073318457124641745,144.20714285714286,139.00714285714287,5.600000000000002,-0.4544883764258977,0.12605349945034816,0.17022086824067006,0.03740814963259845,0.12867930066631625,0,1
2011-04-07,0.013667425968109326,0.007159127888057236,146.95714285714286,140.56428571428572,5.607142857142861,0.11655480098114901,0.13977314306622746,0.1741424802110818,0.045479953249656965,0.12762077102851396,0,0
2011-04-08,-0.008667736757624334,0.006099518459068948,149.52142857142857,142.19642857142858,5.78571428571429,-0.15848667619166334,0.09387176762309601,0.11924610366074684,0.05151324877558701,0.06409555783005959,0,0
2011-04-11,-0.054080310880828986,0.0029145077720206516,150.8642857142857,143.25,6.778571428571427,-0.13599988149350095,-0.014507422402159076,0.058716926422617055,0.0531538269758164,0.11125430774887549,0,1
2011-04-13,0.008216364258815334,-0.0010270455323519731,151.7357142857143,144.3892857142857,6.621428571428571,-0.028444932125443634,-0.06120497290404847,0.0787545787545787,0.05087931930050224,0.1140542185279266,0,0
2011-04-15,-0.008149405772495677,0.004074702886247839,151.42857142857142,145.3464285714286,6.0428571428571445,-0.5457661446321211,-0.04946306540839562,0.0703554415536829,0.04184583630242994,0.3110792089906443,0,1
2011-04-18,0.027730229373502002,0.005819924683327588,150.46428571428572,146.21428571428572,5.6214285714285745,4.127715020022713,-0.036276083467094766,0.09842663739480417,0.029066927210552027,0.16136519140783795,0,0
2011-04-19,-0.02131912058627572,0.004663557628247949,149.5,146.85357142857143,5.600000000000002,-0.5474217815688679,-0.04857512953367871,0.04073680481757003,0.018020866266202976,0.32242497148370003,0,1
2011-04-20,0.006466984343090454,0.007147719537099952,148.3714285714286,147.66428571428574,5.428571428571429,-0.46828150151310277,0.012324546388223112,-0.0023616734143049323,0.004788855028297768,0.49084035974954054,0,0
2011-04-21,-0.004734528238079072,0.005749070003381767,147.33571428571426,148.42857142857142,5.221428571428569,-0.2069962654938412,-0.0006791171477079638,-0.061842524705132185,-0.0073628488931665945,0.11599584436329927,0,0
2011-04-25,-0.0023785253143050467,0.00033978933061490276,147.44285714285712,149.15357142857144,4.107142857142857,0.4489762884960724,0.005135227661759778,-0.04458184184835656,-0.011469482556329976,0.10312626020592998,0,0
2011-04-26,-0.012942779291553186,0.0013623978201634103,147.10714285714286,149.42142857142858,4.228571428571428,0.2519543805735942,-0.0346435709526981,-0.06966292134831453,-0.01548831206080598,0.0541959527314867,0,0
2011-04-27,-0.018288474810214006,0.0013802622498273887,146.56428571428572,148.99642857142857,4.428571428571424,0.5443478465822427,-0.03165418652144325,-0.07869170984455964,-0.0163234976869052,0.058971570558237145,0,1
2011-04-28,0.016520210896309173,0.001054481546572975,145.77857142857144,148.12142857142857,4.2428571428571376,-0.10394834523574625,-0.02198173824822458,-0.009928106812735482,-0.0158171384481843,0.08202876552547513,0,0
2011-04-29,-0.0010373443983402453,0.003112033195020865,145.42857142857142,147.46428571428572,4.099999999999994,0.3531857118351467,-0.01834862385321112,-0.019015280135823542,-0.013804795349963808,0.02974530442579746,0,0
2011-05-02,-0.004153686396677014,0.006576670128072116,144.85714285714286,146.6142857142857,4.299999999999995,-0.7984552367492183,-0.020095367847411505,-0.01506333447449515,-0.011984799766150122,0.42170054775336946,0,0
2011-05-03,-0.035801181786583314,-0.001737921445950643,143.65,145.49285714285716,5.449999999999993,6.649605438656752,-0.042788129744651626,-0.07594936708860767,-0.012666306642446943,0.03635702789839525,0,0
2011-05-04,-0.03965392934390777,0.031002162941600662,141.70714285714286,144.575,6.592857142857135,-0.18791370598337453,-0.06362038664323377,-0.09326072157930576,-0.019836466490452245,0.14228047133135696,0,0
2011-05-05,-0.03490990990990972,0.0022522522522523377,139.37142857142857,143.23928571428573,6.964285714285706,0.9632261807820512,-0.11099585062240658,-0.1305377071356103,-0.027002767596679012,0.07664160823914364,0,1
2011-05-06,0.026059898872034193,0.003500583430571673,137.89285714285714,142.22857142857143,7.2928571428571365,-0.13112473148091586,-0.08688127379716148,-0.10363574583758073,-0.03048413017276017,0.04051041802217162,0,0
2011-05-09,-0.010614101592115288,0.01819560272934045,135.87857142857143,140.82857142857142,7.221428571428565,0.13626859357141807,-0.09280500521376434,-0.11103542234332431,-0.03514911746804618,0.07594003094267394,0,1
2011-05-10,0.03908045977011487,0.005363984674329415,134.61428571428573,140.02142857142857,7.314285714285704,-0.3184204588859839,-0.022350396539293382,-0.06418219461697727,-0.038616538284956294,0.08655794192249423,0,0
2011-05-11,-0.005899705014749124,-0.004056047197639992,133.32142857142858,139.08928571428572,7.199999999999989,-0.306815414586631,0.012012012012012185,-0.052372583479789014,-0.04146873796379506,0.05905981093287412,0,0
2011-05-12,-0.011869436201780603,-0.002225519287833912,132.53571428571428,138.09285714285713,6.078571428571422,-0.5301107225193293,0.0361726954492414,-0.07883817427385897,-0.04024207313919201,0.15130135227580746,0,1
2011-05-13,0.037537537537537524,-0.007132132132132048,133.25,137.47857142857143,5.757142857142851,0.7674035555570389,0.047763457164518464,-0.04326756663205267,-0.03075804021405933,0.031136239727002784,0,1
2011-05-16,0.003617945007236001,-0.0025325615050650822,134.7,137.03571428571428,5.449999999999993,-0.5121496615468287,0.06283524904214555,-0.035801181786583314,-0.017044566067240054,0.1536242795712611,0,1
2011-05-17,0.04109589041095907,0.01838500360490275,136.4857142857143,137.18928571428572,6.792857142857132,6.9197269458110915,0.06489675516224191,0.04109589041095907,-0.005128472131830322,0.09932364893091349,0,1
2011-05-18,0.025969529085872578,0.013850415512465374,139.00714285714284,137.44285714285715,7.078571428571418,-0.22633279218517877,0.09903560830860525,0.11223723723723733,0.011381353289678637,0.07702854348935206,0,0
2011-05-19,-0.026662166722916103,0.0023624704691190975,140.2357142857143,137.42499999999998,7.1714285714285655,-0.49576092099835045,0.08258258258258255,0.12174251264099545,0.02045271446763189,0.19048067592969542,0,1
2011-05-20,0.026005547850208144,-0.028432732316227425,142.1142857142857,137.71785714285713,7.985714285714282,-0.008416279785079528,0.07054992764109991,0.12168309325246396,0.03192344596872489,0.10412259381606294,0,1
2011-05-23,0.013180128421764303,-0.008110848259547068,144.5,138.51785714285714,8.385714285714284,0.5325275005749028,0.08074981975486684,0.14865900383141772,0.043186799020239815,0.10849181567543835,0,1
2011-05-24,0.012675116744496284,0.0,146.44285714285712,139.84642857142856,7.799999999999999,0.34470139966139013,0.05124653739612195,0.11946902654867264,0.04716908854100154,0.12031176139939538,0,1
2011-05-25,0.017457180500658698,-0.0052700922266140406,148.69285714285712,141.69642857142858,7.692857142857142,0.2513517871671729,0.04252446844414437,0.14577151335311544,0.04937618147447991,0.11530274228726307,0,0
2011-05-26,-0.016510197474910893,0.00032372936225323,149.7642857142857,143.12499999999997,6.221428571428573,-0.3572812736869905,0.05339805825242738,0.14039039039039047,0.0463880224578916,0.07681402473842402,0,1
2011-05-27,0.004937458854509469,0.005924950625411492,150.40714285714284,144.70714285714286,6.100000000000002,-0.218522417745441,0.03176748901655979,0.10455861070911743,0.03938990078483629,0.11843002800607828,0,1
2011-05-30,0.01932525384867345,0.0009826400262037713,152.03571428571428,146.13571428571427,6.321428571428571,1.0319348085657651,0.03802535023348885,0.12184571016582568,0.04037342978640211,0.08358557610826,0,1
2011-05-31,0.03759640102827766,-0.003534704370179839,153.96428571428572,148.03928571428574,6.528571428571427,3.960083910060974,0.06357048748353078,0.11807479224376727,0.040023159875515545,0.12062136690569375,0,1
2011-06-01,0.015794363580055926,0.004026014245896598,155.97857142857143,150.2392857142857,6.328571428571422,-0.8754253403363929,0.0618323081903529,0.10698616267296646,0.03820096512705931,0.4033453842053732,0,0
2011-06-02,-0.01676829268292679,0.0,157.32857142857142,151.8857142857143,6.435714285714279,-0.33984925251718456,0.06155365371955224,0.11823855755894597,0.03583521444695245,0.05826437689442441,0,0
2011-06-03,-0.0012403100775193465,0.0015503875968992248,158.27142857142854,153.48214285714286,6.349999999999999,-0.30217242649611786,0.055027841467409244,0.08854342683338978,0.031204188481675187,0.04964456273185151,0,0
2011-06-06,-0.007451102142192023,-0.003415088481838009,159.40714285714284,154.58571428571426,5.735714285714282,-0.5392391912074123,0.027313624678663162,0.06637758505670432,0.031189354033823207,0.21843964840130148,0,0
2011-06-07,-0.01626524867062873,0.0,160.06428571428572,155.23571428571427,5.742857142857141,3.0145576871689563,-0.026014245896562316,0.03590250329380762,0.031104771545575997,0.032936393461231186,0,0
2011-06-08,-0.014944356120826674,0.0009538950715421665,159.96428571428572,156.0,5.392857142857139,-0.3474697123183127,-0.05548780487804872,0.002913564260278445,0.025412087912087964,0.04446625549029082,0,1
2011-06-09,0.00032278889606196515,0.0009683666881859631,159.03571428571428,156.5,4.449999999999997,-0.3941820844363493,-0.039069767441860526,0.02007899934167212,0.016202647193062476,0.07295468914831911,0,0
2011-06-10,-0.019038399483704338,0.0029041626331075643,157.32142857142858,156.65,4.54285714285714,-0.03292550302211139,-0.05619372865569705,-0.004258106780216209,0.004286170261274037,0.06555527416396624,0,1
2011-06-13,0.018092105263157965,0.0029605263157893988,156.39285714285714,156.8607142857143,4.59285714285714,-0.1056240526903891,-0.03190491085392555,-0.005462724935732632,-0.002982627900093432,0.14033676276104493,0,1
2011-06-14,0.011631663974151829,0.0012924071082390219,155.75,157.0107142857143,4.564285714285709,-0.2008034805936636,-0.004451510333863151,-0.03034995354598935,-0.008029479334895345,0.14074306380481108,0,0
2011-06-15,-0.01469179175982116,-0.00351325455126165,154.95000000000002,157.17857142857142,5.035714285714282,0.5952314614764751,-0.004196255648805769,-0.05945121951219512,-0.014178595773687613,0.12946217282511893,0,0
2011-06-16,-0.017504051863857284,-0.006158833063209002,154.1357142857143,157.1,4.571428571428568,0.198040915703527,-0.02194256211681178,-0.06015503875968986,-0.018868782395198562,0.07528450191242783,0,0
2011-06-17,-0.02210491586935015,-0.00395908940943598,153.17857142857142,156.57142857142858,4.528571428571427,-0.39162127243522593,-0.025000000000000022,-0.07978888543930474,-0.021669708029197234,0.06512484207712772,0,0
2011-06-20,-0.007085020242914908,0.010796221322537266,152.06428571428572,155.54999999999998,5.149999999999998,0.7323513796616492,-0.04911147011308559,-0.07944948389114792,-0.022408963585434052,0.08267327944031005,0,1
2011-06-21,0.00815494393476035,0.0057764186204552785,151.54285714285714,154.43214285714288,5.178571428571429,-0.09866950276362074,-0.052379431491536343,-0.05659777424483314,-0.018709095534330967,0.07400000418390308,0,0
2011-06-22,-0.001685203909673083,0.010448264239973113,150.59285714285716,153.49285714285716,5.0,-0.5518264609390077,-0.039870340356564005,-0.0438992898644287,-0.018893387314439982,0.23721290405322093,0,1
2011-06-23,0.01384199864956126,0.0006752194463200157,149.67857142857142,152.71428571428572,5.5857142857142845,1.4498973731209848,-0.009237875288683695,-0.030977734753146025,-0.01987839101964466,0.10948500156226101,0,1
2011-06-24,0.027639027639027702,0.005661005661005623,149.68571428571428,152.31785714285712,5.521428571428572,-0.2872451012229784,0.04116059379217285,0.015131578947368496,-0.017280592745433535,0.09176765487029781,0,1
2011-06-27,0.01263771872974706,0.0012961762799740028,150.35714285714286,152.24642857142857,5.692857142857146,0.8972687592987714,0.061841658171933434,0.009693053311793154,-0.012409392666963746,0.09076448487560207,0,1
2011-06-28,0.005439999999999889,0.0019200000000000727,151.62857142857143,152.40357142857144,5.2928571428571445,-0.3023537210256626,0.058982136838557464,0.003513254551261502,-0.005085182668197726,0.11879239269728059,0,0
2011-06-29,0.0,-0.025461489497135583,153.04999999999998,152.55714285714288,5.1214285714285745,-0.09306724273300304,0.060769750168804926,0.018476499189627127,0.0032306395729934756,0.17337873336202037,0,1
2011-06-30,0.030872056015276872,0.011139401654996817,154.99285714285716,153.26785714285714,5.25,1.6837806826107498,0.07858807858807837,0.06862421643022087,0.011254806011884106,0.06608749792859925,0,1
2011-07-01,0.002469898116702618,0.006483482556344621,157.02857142857144,153.81071428571428,5.278571428571427,-0.7662155039878582,0.05217109526895647,0.09547908232118774,0.020920890705180384,0.4807015743746852,0,0
2011-07-04,-0.009239297813366187,0.0,158.55714285714285,154.11785714285716,4.742857142857141,-0.20737411249660898,0.02943999999999991,0.093102276588515,0.028804486362477524,0.07607673815209386,0,0
2011-07-05,-0.005906123717749345,0.00248678893378928,159.35714285714286,154.52142857142857,4.42142857142857,-0.25982749633651003,0.017823042647995058,0.0778564206268959,0.03129478112143486,0.05063524937233723,0,1
2011-07-06,0.0068792995622264375,-0.002501563477173269,160.03571428571428,155.19642857142858,4.449999999999997,0.8100850385330853,0.024824952259707267,0.08710330857528703,0.031181682199976853,0.0876247038808614,0,1
2011-07-07,0.006521739130434856,0.006211180124223602,160.74285714285716,156.18571428571428,4.992857142857141,0.5873373119866105,0.000617474529175821,0.07925407925407923,0.029177718832891383,0.07981827631177599,0,0
2011-07-08,-0.025917926565874883,0.00308546744831842,160.85,156.95000000000002,4.721428571428569,-0.6664955590640322,-0.027717893440098562,0.023007128969539714,0.024848677922905238,0.41112460023975345,0,0
2011-07-11,-0.00475134621476081,-0.008552423186569492,160.15714285714284,157.57500000000002,4.3357142857142845,0.21412605177185773,-0.023313646254274123,0.005439999999999889,0.016386754606649703,0.08846445681310604,0,0
2011-07-12,-0.020369191597708447,-0.011457670273710904,158.95000000000002,157.98928571428573,4.178571428571429,0.5381459688619252,-0.03752345215759845,-0.020369191597708447,0.0060808825191581905,0.09516284066968793,0,1
2011-07-13,0.0038986354775827348,0.004873294346978557,158.04285714285714,158.3,4.221428571428569,0.07168081403292015,-0.04037267080745344,-0.01654996817313814,-0.0016244021297717427,0.07959504546955799,0,1
2011-07-14,0.014886731391585917,-0.012621359223300897,157.6,158.47857142857143,4.685714285714283,-0.013043592731727172,-0.03239740820734338,-0.0317999382525469,-0.0055437869022400815,0.11595888250224397,0,0
2011-07-15,-0.0003188775510204467,-0.0006377551020409613,156.99285714285716,158.5142857142857,4.664285714285711,-0.2697179618220722,-0.006968641114982521,-0.03449337850323375,-0.009598053352559307,0.08820491489991426,0,0
2011-07-18,-0.0121212121212122,-0.001594896331738437,155.96428571428572,158.35357142857143,4.364285714285712,-0.4484781952516539,-0.014322087842138731,-0.03730183400683862,-0.015088296984595897,0.04196603376554766,0,1
2011-07-19,0.035841136583790734,-0.00032289312237638326,156.32857142857142,158.58928571428572,4.71428571428571,2.8340630533904094,0.04223521767381411,0.0031269543464664817,-0.014255151446909224,0.09313351120757177,0,0
2011-07-20,-0.027743142144638466,0.005610972568578589,156.16428571428574,158.16071428571428,5.307142857142854,0.29496395028503364,0.009385113268608247,-0.03136645962732931,-0.012622784238455248,0.15218355098852288,0,1
2011-07-21,0.008977236293683966,0.003206155819172812,156.65714285714284,157.80357142857142,5.528571428571427,-0.24877131936428765,0.0035076530612243584,-0.029003394014193273,-0.007264908905737247,0.09107993906931632,0,1
2011-07-22,0.021607880521131273,0.006990784874483599,157.54999999999998,157.79642857142858,5.464285714285714,0.5700174491036656,0.02551834130781505,0.018371872030408687,-0.0015616866215514245,0.09421282436154642,0,0
2011-07-25,-0.011197511664074677,0.0015552099533437014,157.85714285714286,157.72857142857143,5.150000000000001,-0.1752367742741998,0.026477236034872398,0.01177593889242523,0.0008151435558373645,0.07812763699830724,0,0
2011-07-26,-0.00031456432840504256,0.003460207612456819,158.16428571428568,157.57857142857142,5.221428571428573,-0.169846877830667,-0.009351620947630868,0.03248862897985716,0.003716966592629368,0.08790650223287651,0,0
2011-07-27,-0.016677155443675318,0.005663939584644466,158.3642857142857,157.16428571428568,5.350000000000002,-0.5692969666302374,0.0019236934915036752,0.01132686084142387,0.0076353224560288336,0.2533315970517915,0,0
2011-07-28,-0.008320000000000105,-0.005760000000000037,157.58571428571426,156.95714285714286,5.071428571428576,1.510562534443047,-0.015252621544327938,-0.011798469387755195,0.004004732866114349,0.07796500434920715,0,0
2011-07-29,-0.07357212003872204,-0.005808325266214762,155.81428571428572,155.9892857142857,7.000000000000004,2.936037115358329,-0.10699844479004661,-0.0842105263157894,-0.001121871923437856,0.07729688298261707,0,1
2011-08-01,0.01079763148728663,0.027516544757923988,154.06428571428572,155.3607142857143,7.307142857142862,-0.24248581776879852,-0.08713431896822899,-0.06296415886341622,-0.008344635755499916,0.06296758151499954,0,0
2011-08-02,-0.02446588559614049,0.0010337698139214727,151.32142857142858,154.43571428571428,7.8714285714285745,-0.6021952483030135,-0.10918816865953429,-0.11751870324189517,-0.020165579760418016,0.5439763632408782,1,1
2011-08-03,0.008124337689862093,-0.015188979159307704,149.0,153.42857142857142,8.385714285714288,-0.3157817313115536,-0.08672000000000002,-0.08496312920807947,-0.028864059590316498,0.0740104127662529,0,0
2011-08-04,-0.03188507358093895,0.0035038542396636303,146.03571428571428,152.1,8.835714285714289,2.2755571848233704,-0.10842207163601147,-0.12202097235462339,-0.03987038602423219,0.06801322123155447,0,1
2011-08-05,0.011581614187477385,-0.02316322837495488,143.67857142857142,151.02142857142854,9.421428571428574,1.8072190870789449,-0.026471612678509282,-0.13063763608087087,-0.048621293099370855,0.35644095839668144,0,0
2011-08-08,-0.025760286225402496,-0.03076923076923085,140.99285714285716,149.28928571428574,9.492857142857146,-0.5966358721066798,-0.06168159889731217,-0.14344133375275236,-0.05557283318580899,0.7215462348726255,1,0
2011-08-09,-0.019831068674256436,-0.016158648549394174,139.54999999999998,147.68214285714288,7.614285714285716,-0.733669447793895,-0.05722359590250814,-0.1601636249213343,-0.05506517375637857,0.5057820160103842,1,1
2011-08-10,0.03372049456725357,0.021730985387785732,138.52857142857144,146.29642857142858,7.314285714285712,1.2770559644382393,-0.03328661527680443,-0.11712000000000011,-0.05309669701926126,0.22674600307002896,0,0
2011-08-11,-0.018122508155128725,-0.01413555636100028,137.65714285714284,144.48928571428573,6.799999999999999,-0.323052093923051,-0.019543973941368198,-0.12584704743465636,-0.0472847714857752,0.13325529613049203,0,1
2011-08-12,0.007382798080472597,0.012919896640826874,136.7642857142857,142.88214285714284,6.164285714285711,0.002234420221958411,-0.02361359570661903,-0.0494601184256358,-0.04281750693628609,0.17941058202520177,0,1
2011-08-16,0.02381824844265301,-0.03261267863686324,136.98571428571427,141.51071428571427,6.564285714285709,-0.32385421522328794,0.02607418288652208,-0.03721571330117168,-0.031976377356585865,0.03778476014119458,0,0
2011-08-17,-0.007874015748031482,-0.0021474588403721045,136.82142857142856,140.25,6.028571428571423,-0.35983411844457713,0.03859123267141262,-0.020840692334864075,-0.024446142093201034,0.041793465738879154,0,0
2011-08-18,-0.015512265512265588,0.0036075036075036075,136.8642857142857,138.92857142857142,5.999999999999996,6.971099921855196,-0.010873504893077257,-0.04379817799579533,-0.014858611825192821,0.04602263040157699,0,0
2011-08-19,-0.0010993037742761391,-0.025283986808354628,137.27142857142854,138.41071428571428,5.71428571428571,-0.26240699831778447,0.006275378368401752,-0.013391241404270726,-0.008231195974713081,0.19791437156749947,0,0
2011-08-22,-0.0018341892883345645,-0.00917094644167278,137.0,137.7642857142857,5.4571428571428555,-0.9145478725236161,-0.0029314767314032597,-0.026475849731663614,-0.005547778296261666,0.31649898346093774,0,1
2011-08-23,0.01764057331863267,0.009922822491730938,137.42857142857142,137.54285714285714,5.607142857142857,1.7081579403036762,-0.008947745168217613,0.01689313257436642,-0.0008309098462817788,0.1450633145232967,0,1
2011-08-24,0.06031058143734214,0.010473094980137357,138.90714285714287,137.8357142857143,6.514285714285713,2.007079470417691,0.059163059163059195,0.10003746721618612,0.007773228999326408,0.12076190064415127,0,0
2011-08-25,-0.043596730245231696,0.0027247956403268206,139.00714285714287,137.99642857142857,6.521428571428572,-0.34257346180748527,0.028948332722609216,0.01776005799202629,0.007324206112994749,0.06518673884209679,0,1
2011-08-26,0.0010683760683760646,-0.00819088319088323,139.28571428571428,138.05357142857142,6.307142857142858,-0.6125739961724964,0.031181217901687486,0.037652270210409844,0.008925106713232472,0.1659860462684991,0,1
2011-08-29,0.03415154749199556,0.004268943436499426,140.55714285714285,138.71071428571426,6.399999999999998,-0.302785753866304,0.06835722160970215,0.06522535727372669,0.01331136229048135,0.05176544454040814,0,1
2011-08-30,0.04643962848297223,0.011351909184726562,142.81428571428572,140.04285714285714,6.471428571428569,1.4481352727212675,0.09859154929577474,0.08876163206871879,0.01978986024686321,0.11071809354748956,0,1
2011-09-02,0.035502958579881616,0.012820512820512933,145.87857142857143,141.43928571428572,7.028571428571427,0.3459247785036146,0.07288828337874653,0.13636363636363646,0.03138651112289475,0.1304056875939142,0,0
2011-09-05,-0.0015873015873015817,-0.010793650793650722,148.56428571428572,142.99642857142857,7.142857142857139,-0.42858270572823176,0.12001424501424496,0.15243679003297927,0.03893703638952027,0.06678714052821631,0,0
2011-09-06,-0.020349761526232024,0.017488076311605722,149.6,144.25357142857143,7.399999999999998,0.45921896003140117,0.09605122732123794,0.13022743947175353,0.037062711990294796,0.10188961814395014,0,1
2011-09-07,0.038948393378773094,0.008114248620577734,152.40714285714284,145.70714285714286,6.914285714285711,0.40619007832270393,0.10113519091847278,0.17640573318632846,0.04598264620814738,0.1198859495250468,0,1
2011-09-08,0.004373633239612484,0.010934083099031551,155.29285714285717,147.28928571428574,7.135714285714284,-0.4595272037890381,0.05687047994740313,0.16106897797038644,0.0543391285371354,0.17699297984061207,0,0
2011-09-09,-0.04105754276827367,0.0105754276827371,156.55,148.55357142857142,7.485714285714282,-0.46431773895523165,-0.021269841269841216,0.050068119891008234,0.05382858516648652,0.2184815307777146,0,0
2011-09-12,-0.011676938047356589,-0.006162828413882692,156.58571428571426,149.70000000000002,7.478571428571428,-0.15346937570246622,-0.031160572337042947,0.08511396011396011,0.045996755415592804,0.09420329366509221,0,1
2011-09-13,0.0013127666557271045,0.02330160813915334,155.87857142857143,150.87857142857143,7.2571428571428545,0.042105148413399185,-0.009737098344693274,0.08537886872998923,0.0331392321166501,0.13775201361222195,0,0
2011-09-14,-0.022943297279580444,-0.016060308095706435,154.70714285714286,151.6357142857143,7.2071428571428555,2.161774735459144,-0.06872852233676974,0.025455796353629268,0.020255311130999938,0.07095227839066684,0,1
2011-09-15,0.002012747400201187,0.006373700100637293,154.03571428571428,151.81785714285712,6.1285714285714255,-0.6459569833562934,-0.07091757387247277,-0.01808021038790275,0.01460867110494257,0.44842634453733077,0,1
2011-09-16,0.009708737864077888,0.004352192835621062,152.71428571428572,152.56071428571428,5.84285714285714,1.4753426168018198,-0.02173207914369113,-0.04253968253968243,0.0010066249970738337,0.05785836792533591,0,1
2011-09-19,0.021883289124668304,-0.011936339522546493,151.7642857142857,153.52857142857144,6.164285714285711,1.1215631084893873,0.011486708237610666,-0.020031796502384736,-0.011491579045315097,0.13314097405337522,0,1
2011-09-20,0.0016223231667749083,0.006489292667099286,151.79285714285714,154.17142857142858,5.271428571428572,-0.4192261387686135,0.01179941002949847,0.0019474196689386325,-0.015428094885100106,0.08048264249542371,0,1
2011-09-21,0.017816650469711703,-0.0019436345966957107,152.47142857142856,154.52857142857144,4.942857142857138,-0.26177061178320393,0.05400872190540085,-0.018431740081224723,-0.013312378663215446,0.09247294019478208,0,0
2011-09-22,-0.06779121578612357,-0.006365372374283896,151.6,153.73928571428573,6.164285714285711,1.0367208237948282,-0.01941747572815533,-0.08895800933125975,-0.013915023114270574,0.11080486664127659,0,1
2011-09-23,0.021850460908160008,-0.012632297712529836,151.68571428571428,153.19642857142858,6.4571428571428555,-0.429393602991639,-0.007625994694960281,-0.029192345118391194,-0.009861289194544914,0.089453987919682,0,1
2011-09-26,0.01770798529903117,0.0043434680922152065,152.10714285714286,153.07142857142858,6.7571428571428545,-0.3146489846000894,-0.011680726800778585,-0.0003281916639316096,-0.006299580027998186,0.1519921946196822,0,1
2011-09-27,0.03381483913328931,0.016743269862114135,153.05714285714288,152.8857142857143,6.849999999999999,0.28118688684495186,0.020084224165856757,0.03212061619141249,0.0011212857409830363,0.07658555437025338,0,1
2011-09-28,0.018100984439504808,0.009844395046046436,153.94285714285712,152.85357142857143,6.51428571428571,0.9336087502206345,0.02036919159770867,0.07547802750754773,0.00712633472744677,0.06385603359724439,0,1
2011-09-29,0.022769806612601196,-0.003119151590767311,155.31428571428572,153.55357142857142,7.2928571428571365,0.2954165327553975,0.11949470809149876,0.09775694676933377,0.011466449587161394,0.11440433700162787,0,1
2011-09-30,0.0024397682220189676,-0.001219884111009385,156.35,154.41071428571428,7.814285714285712,-0.11917612801469346,0.09822920147009673,0.08985411140583532,0.012559269110674239,0.11133288160247153,0,0
2011-10-03,-0.06845147550958319,-0.004563431700638881,157.29999999999998,154.45000000000002,7.635714285714284,-0.39456714769355206,0.005252790544976849,-0.0064892926670993,0.01845257364842969,0.19376499983265869,0,0
2011-10-04,-0.03690398432397135,-0.003919007184846468,156.9857142857143,154.33571428571426,8.435714285714287,-0.32506258323372184,-0.06351222610352492,-0.04470359572400395,0.017170361456935478,0.3099762765595134,0,1
2011-10-05,0.021702271956595576,0.04136995591726025,156.75,154.42857142857142,8.542857142857148,-0.419743574244107,-0.060199625701809145,-0.041056651814131095,0.015032377428307203,0.24884378723742215,0,1
2011-10-07,0.0384998340524394,0.03252572187188852,156.60714285714286,154.83214285714286,8.607142857142865,0.2541362759289809,-0.04574565416285448,0.06828269033799939,0.01146402786427702,0.11450391150692311,0,0
2011-10-10,-0.010226909555768549,-0.00767018216682639,155.82857142857142,154.8857142857143,8.542857142857153,-0.2873088114416209,-0.05780346820809246,0.03474774473772135,0.0060874377421138645,0.04812638877454394,0,0
2011-10-11,-0.009041007426541903,0.006780755569906435,154.32857142857142,154.82142857142858,8.35000000000001,0.0856318799838569,0.002286087524493663,0.0075508864084044,-0.003183391003460328,0.11589100495922601,0,1
2011-10-12,0.010101010101010166,0.01173020527859245,152.99285714285716,154.67142857142858,7.721428571428581,-0.027723920895010634,0.05120379789759255,-0.015560495395363527,-0.010852498383670374,0.09875538527863287,0,1
2011-10-13,0.00903225806451613,0.0,153.46428571428572,155.38214285714284,6.557142857142866,0.3905385807047035,0.03816793893129766,-0.0243293824079851,-0.012342841381846428,0.059333914882225516,0,0
2011-10-14,-0.006074168797954083,-0.004475703324808293,154.60714285714286,155.79642857142855,5.085714285714293,-0.40776366487269344,-0.006391818472355371,-0.051845074717901785,-0.007633587786259376,0.11380845964992538,0,1
2011-10-17,0.002894821486008503,0.0038597619813446303,155.35714285714286,156.05357142857142,4.8285714285714345,-0.3372063237942766,0.006780755569906427,-0.05141466382719795,-0.004462753175420425,0.07399648502891469,0,0
2011-10-18,-0.023412443874278432,0.010262989095574049,154.75714285714284,155.68214285714285,4.842857142857143,0.07297749382544572,-0.007820136852394799,-0.005551926845199229,-0.005941593448188919,0.07431760231180264,0,0
2011-10-19,-0.012151067323481035,0.00525451559934326,154.12142857142857,154.975,4.978571428571428,1.9764216249071387,-0.029677419354838697,0.020006781959986508,-0.005507800797363625,0.09150451428100864,0,1
2011-10-20,0.009308510638297962,-0.015957446808510675,153.8857142857143,154.10714285714286,4.685714285714288,-0.6499496561015387,-0.02941176470588236,0.007633587786259666,-0.0014368482039396765,0.6026719349345997,1,0
2011-10-21,-0.008893280632411238,-0.018445322793148953,153.2357142857143,153.1142857142857,4.771428571428572,-0.1888283003427349,-0.03216468317787069,-0.038350910834132335,0.0007930584064192619,0.13869608408517814,0,1
2011-10-24,0.040212695247590746,0.03057494184114339,153.25,153.35714285714286,4.978571428571428,2.888327306870168,0.0038486209108401503,0.01065547303842429,-0.0006986492780624391,0.16644241568808296,0,1
2011-10-25,0.030351437699680517,0.0,154.07857142857142,154.34285714285716,5.5785714285714265,-0.024161948506115638,0.059113300492610765,0.05083088954056714,-0.0017123287671234138,0.07645999270389944,0,1
2011-10-26,0.0031007751937983663,0.007751937984496124,154.91428571428574,155.1357142857143,5.278571428571427,-0.8346479632084983,0.07546542553191493,0.04354838709677411,-0.0014273216998940338,0.3636117474471028,0,1
2011-10-28,0.010200927357032485,0.004018547140649185,156.50714285714284,155.63214285714284,5.471428571428569,4.582120284232927,0.07641633728590236,0.04475703324808178,0.0056222319113293714,0.13289399077366978,0,1
2011-10-31,0.0033659730722153114,-0.02050183598531208,158.44285714285712,156.28214285714284,5.642857142857139,-0.20052135323678222,0.08973080757726826,0.054679961402380295,0.013825727278959705,0.09144982997880652,0,0
2011-11-01,-0.023482769136931925,-0.04849039341262573,159.62857142857143,156.75714285714284,6.035714285714278,-0.390618274007853,0.023003194888178813,0.02694034637588194,0.018317688872687657,0.2013283453359296,0,0
2011-11-02,-0.01280449718925658,-0.016864459712679504,160.71428571428572,156.975,6.092857142857135,1.0341196030144673,-0.01984496124030999,0.03809523809523818,0.0238208995972972,0.07279010941900729,0,1
2011-11-03,0.02625751344511218,0.031319202783929065,161.5285714285714,157.3892857142857,6.107142857142849,-0.5235545740683359,0.002782071097372496,0.07845744680851041,0.026299666432185835,0.5538645573717239,1,1
2011-11-04,0.017262638717632672,0.014180024660912526,162.0642857142857,158.07142857142858,5.671428571428562,2.5185150135608305,0.009791921664626724,0.08695652173913038,0.025259828287392438,0.15444277231340373,0,0
2011-11-08,-0.020909090909090877,0.00030303030303037193,162.03571428571428,158.475,6.2571428571428465,-0.5003313354018428,-0.014638609332113361,0.07377866400797628,0.022468618303923542,0.3482141322185197,0,0
2011-11-09,-0.017951098731043058,0.0037140204271123136,161.35714285714286,158.93214285714285,6.22857142857142,0.015324832390014143,-0.009056839475327871,0.013738019169329041,0.015258084087998095,0.10117929944114579,0,0
2011-11-11,-0.05168610148124808,0.00787897888433659,159.42857142857142,158.93571428571428,7.085714285714281,1.7890403016674958,-0.04808604871875999,-0.0669767441860466,0.0031009842254280094,0.1422272216363555,0,1
2011-11-14,0.0312396144898639,0.05450315719508154,158.72142857142856,159.175,7.035714285714282,-0.37141494778962814,-0.04346485819975332,-0.04080370942812983,-0.0028495142363527595,0.07054551543549578,0,0
2011-11-15,-0.0679987109249115,-0.004189494038027751,156.8,158.75714285714284,8.557142857142853,-0.12847864061740988,-0.12363636363636366,-0.11505507955936356,-0.012327904256276246,0.037794486982956475,0,0
2011-11-16,-0.08333333333333326,-0.00276625172890737,152.56428571428572,157.04642857142855,9.692857142857141,1.8460853021928334,-0.17951098731043025,-0.19152180542848418,-0.028540240602187555,0.06261881105160018,0,0
2011-11-17,-0.003017729158808047,-0.004149377593361081,147.87142857142857,154.96785714285716,10.107142857142858,-0.34667129422836185,-0.16703435234793573,-0.174578388507183,-0.0457929063630708,0.09724676296195242,0,1
2011-11-18,0.04351116155883461,-0.007567158531971245,144.49285714285716,153.26428571428573,10.814285714285717,-0.4215305746483884,-0.0834164174144233,-0.12749130022144894,-0.05723074055086918,0.09703680420005079,0,0
2011-11-21,-0.009427121102248082,-0.008701957940536744,141.34285714285713,151.35,10.635714285714288,-0.5076177912729309,-0.11956171446986796,-0.15782983970406905,-0.06611921279909394,0.2835569297305673,0,0
2011-11-22,-0.03111273792093705,0.009516837481698473,138.75714285714287,149.09285714285713,9.900000000000002,-0.0352428863956018,-0.08471645919778703,-0.19787878787878788,-0.06932400709049953,0.11137929567674353,0,0
2011-11-23,-0.06649036645258777,-0.0022667170381562747,134.24285714285716,146.48214285714286,10.400000000000002,0.8713383710681828,-0.06789890607318005,-0.23522129371711553,-0.08355479702547838,0.14420176153102235,0,0
2011-11-24,-0.04734925131525691,0.0012140833670579174,130.4,143.6,9.428571428571429,0.9723805023579879,-0.1093454407869845,-0.2581153482508667,-0.09192200557103057,0.14593846517728165,0,1
2011-11-25,0.04800339847068802,0.0025488530161427115,129.08571428571426,140.825,8.807142857142855,0.8466134444439226,-0.10551124002900658,-0.1801262878032569,-0.0833608074864955,0.07232484349740975,0,1
2011-11-28,0.024726388325901905,0.011349817592217315,128.2642857142857,138.06785714285715,8.642857142857142,-0.4555043799354166,-0.07467057101024888,-0.18530454398968743,-0.07100545797873728,0.1471096523392987,0,1
2011-11-29,0.015031645569620222,0.01265822784810122,126.89285714285714,135.69285714285715,7.79285714285714,-0.2328832615094958,-0.030600680015111292,-0.11272475795297365,-0.06485234510712226,0.1903247202936148,0,0
2011-11-30,-0.0198752922837101,-0.0023382696804365656,125.34285714285714,133.34285714285713,8.085714285714284,-0.04341193069357174,0.01780655605018211,-0.05130139569973602,-0.05999571459181477,0.056348336527202565,0,1
2011-12-01,0.003578528827037797,0.03141153081510925,124.46428571428571,131.6107142857143,7.992857142857139,-0.4373618584475516,0.0722175021240441,-0.045024593265228896,-0.05429974763235744,0.12442299184554924,0,1
2011-12-02,0.032488114104595844,-0.012678288431061875,125.42857142857143,129.8357142857143,7.464285714285713,-0.454704644294492,0.056343737332793076,-0.055112400290065255,-0.03394399515871707,0.07720659463900208,0,0
2011-12-05,-0.00882578664620115,-0.004604758250192039,127.06428571428572,128.73214285714286,6.892857142857141,-0.03281818228980227,0.021756329113924,-0.05453879941434836,-0.012956027188236938,0.08062454975691859,0,1
2011-12-07,0.022841656987998338,0.004258614014711444,128.31428571428572,128.7,6.2071428571428555,2.0027248394865715,0.029618082618861896,-0.0018889308651303116,-0.00299700299700289,0.10159822763549885,0,0
2011-12-08,-0.024602573807721462,-0.010598031794095426,128.6642857142857,128.46428571428572,6.442857142857142,-0.4302584045334672,0.02465208747514902,0.042897612302711385,0.0015568529329996333,0.04888120869864451,0,0
2011-12-09,-0.01202949165696543,-0.011641443538998836,128.52142857142857,127.70714285714287,6.599999999999999,-0.43998658077246255,0.008716323296354966,0.08156329651656757,0.006376195536663031,0.09356833184599336,0,1
2011-12-12,0.01335428122545168,0.012961508248232455,128.9857142857143,127.16428571428573,6.014285714285715,1.388941868949931,-0.009976976208749155,0.04580462099716254,0.014323428635623192,0.07894425701990612,0,0
2011-12-13,-0.006589147286821695,0.0,129.2642857142857,126.86428571428571,5.485714285714287,-0.35183849923404,-0.007742934572202875,0.013844936708860667,0.018917853724452385,0.09775857542385917,0,1
2011-12-14,0.0175575497463909,0.0011705033164261076,129.2785714285714,127.35357142857143,5.121428571428571,-0.24972430026503334,-0.012869038607115746,0.01636788776305531,0.015115398637090082,0.08610893234913534,0,0
2011-12-15,-0.025690184049079856,-0.018404907975460166,128.97857142857143,128.02142857142857,5.035714285714286,3.434372836376663,-0.013969732246798539,0.010337972166998055,0.007476426937454654,0.11888980941099928,0,0
2011-12-16,-0.0031483667847304053,0.0003935458480912803,128.20000000000002,128.25714285714287,5.071428571428571,-0.6152438907317935,-0.00510604870384912,0.003565768621236254,-0.00044553352639780443,0.41062218529812256,0,0
2011-12-19,-0.054875641531780484,-0.019344650611922642,126.89285714285714,127.77857142857144,5.057142857142856,0.2169495195815816,-0.0720930232558139,-0.08135072908672303,-0.006931633965006542,0.2620630267419619,0,1
2011-12-20,0.015037593984962294,0.010025062656641628,126.0642857142857,127.29285714285716,4.985714285714285,0.7077877565925683,-0.05189231369488889,-0.059233449477351985,-0.009651534706245657,0.039326423812837505,0,1
2011-12-21,0.017695473251028826,0.013580246913580294,125.30000000000003,127.14285714285714,4.785714285714284,-0.6655811987534335,-0.051763803680981546,-0.06396669190007565,-0.014494382022471677,0.43507794288307416,0,1
2011-12-22,0.0024262029923169948,0.0,124.7,126.98214285714286,4.728571428571428,0.6371290354481378,-0.024399842581660725,-0.03802871556072951,-0.017972155814934616,0.0724717948836169,0,1
2011-12-23,0.007664380798709125,0.0004033884630899327,123.91428571428571,126.59642857142858,4.75,0.13608707056982627,-0.013817607579944768,-0.01885310290651998,-0.02118656021666155,0.08182608729432322,0,0
2011-12-26,-0.010808646917534137,0.004803843074459522,123.41428571428573,126.19642857142857,5.0,-0.5120998491570348,0.032163742690058506,-0.04224806201550391,-0.02204612989953294,0.13170139890907315,0,1
2011-12-27,0.015378389316066388,0.0076891946580332085,123.24285714285713,125.72142857142858,4.971428571428573,0.1241806160364134,0.03251028806584366,-0.02106905969566919,-0.019714788932447127,0.09207904548623962,0,0
2011-12-28,-0.038660821044240845,0.00956556396970907,123.37142857142858,125.13214285714285,4.9928571428571455,-0.22734835939855014,-0.024666397088556447,-0.07515337423312896,-0.014070839398350205,0.03448818191063302,0,1
2011-12-29,0.029850746268656803,-0.0012437810945272925,123.75714285714287,124.91071428571429,5.271428571428574,3.971667614803306,0.002016942315449688,-0.022432113341204207,-0.00923516797712649,0.23787453615239018,0,0
2011-12-30,-0.03341384863123997,-0.0048309178743962036,123.24285714285715,124.27142857142857,5.385714285714286,-0.557274270325955,-0.03883106485188159,-0.052112120015791574,-0.008276813426830641,0.17642743202377814,0,0
2012-01-02,-0.04456476468138271,0.022907122032486463,121.92142857142858,123.3107142857143,6.778571428571429,0.2277505961648678,-0.07163091865641436,-0.04177109440267335,-0.011266545022735872,0.057804361484049015,0,1
2012-01-03,0.048823016564951915,0.024411508282476,121.26428571428572,122.58928571428571,6.907142857142858,-0.11873912067378845,-0.04105221203666809,-0.00987654320987652,-0.010808448652585487,0.05666159520210664,0,1
2012-01-04,0.021197007481296826,0.00581878636741482,121.16428571428571,122.28928571428571,6.921428571428572,-0.0912293185495453,0.018656716417910557,-0.006469874646178875,-0.009199497678222014,0.12222926829021771,0,1
2012-01-05,0.031339031339031376,-0.006919006919006873,121.34285714285716,122.29285714285713,7.121428571428571,-0.37390857566692526,0.020128824476650653,0.022186365469947456,-0.007768237836574758,0.10988751116872814,0,1
2012-01-06,0.007892659826361559,-0.00355169692186269,122.35714285714286,122.86428571428571,6.699999999999998,0.31483564919045404,0.06372344856309886,0.022417934347477964,-0.004127666996104841,0.15943864463827306,0,0
2012-01-07,-0.003132341425215346,0.016444792482380646,122.79999999999998,123.27857142857142,6.064285714285715,-0.9367552138048258,0.10985178727114198,0.03035208417644686,-0.003882032562721008,0.3577409449813171,0,1
2012-01-09,0.03849175176747832,0.010997643362136619,124.53571428571429,123.88928571428572,6.55714285714286,11.93909488872958,0.09891936824605141,0.05380629732961317,0.005217792383752781,0.098979829162729,0,1
2012-01-10,0.032148260211800395,0.012481089258698985,127.64285714285714,124.78214285714286,5.328571428571432,0.025202169043970324,0.11070411070411068,0.13142620232172475,0.02292567045422017,0.1186295691781583,0,1
2012-01-11,0.004397215097105445,-0.003297911322828792,130.03571428571428,125.64999999999999,5.335714285714287,1.0820854591176743,0.08168902920284138,0.10346215780998391,0.034904212381331366,0.08981570905807496,0,0
2012-01-12,-0.03210507114191907,0.0032834731849689064,131.43571428571428,126.3,5.450000000000003,-0.0342107617523385,0.03876272513703993,0.10495626822157433,0.04066282094785658,0.05841919726017274,0,0
2012-01-13,-0.008292499057670488,-0.0011307953260460285,132.12857142857143,126.73571428571428,5.0428571428571445,-0.37116100821192144,0.03338570306362931,0.14690496948561482,0.04255199233500544,0.07562786869007788,0,1
2012-01-16,0.030026605853287647,-0.00038008361839613354,133.24285714285716,127.8,5.2285714285714295,0.8738434482451332,0.024962178517397904,0.12635078969243563,0.04258886653252868,0.056244403433153324,0,0
